tweet_id,hashtag
1381648933034676227,VakeelSaab
1381814895579029512,जीनेकीराह_जरूर_पढ़ें
1381812368028495879,Myanmar
1381627781176385537,KingandPrince
1381627781176385537,FridayLivestream
1356982772414500867,read
1356982772414500867,reviews
1356982772414500867,book
1381700657200181253,AssignmentRussia
1381632227444936705,KingandPrince
1381632227444936705,FridayLivestream
1381814716968923137,Watching
1381616174832746504,MakeTheBatfleckMovie
1381814679429902338,GunsAkimbo
1381814679429902338,MovieReviews
1381657845301706761,Jan6
1381775478294372353,GodMorningTuesday
1381814410142867456,PSPK
1381814410142867456,BlockBusterVAKEELSAAB
1381814410142867456,Ugadi2021
1381814410142867456,VakeelSaab
1376371507073404930,राम_रंगकी_होरी
1381771204390875136,GodMorningTuesday
1380809527663149057,oceandecade
1381814532172095488,PainSufferers
1381814532172095488,VeteransSuiciding
1381667001400057859,Anjaan
1381667001400057859,Kollywood
1381614104599617538,JusticeForPalgharSadhus
1381755810691227648,tuesdaymotivations
1381657845301706761,Jan6
1381814463913844744,TheBigBull
1381643523276075009,mglit
1381643523276075009,myownvoice
1381811912204255239,thewatcherstheseries
1381814410142867456,PSPK
1381814410142867456,BlockBusterVAKEELSAAB
1381814410142867456,Ugadi2021
1381814410142867456,VakeelSaab
1347971329580957696,books
1347971329580957696,KindleUnlimited
1347971329580957696,amreading
1347971329580957696,women
1347971329580957696,Inspiration
1347971329580957696,writing
1381814361388371978,MyFairLady
1381814356665589760,trakt
1381650189413310466,ZhangZhehan
1381814339615612928,MarvelStudios
1381814308758241280,antifa
1381814308758241280,BlackLivesMatter
1381814308758241280,Kaepernick
1381814290605301767,CrosswordMysteries
1381814264013283328,covid_19
1381814264013283328,bollywood
1381814264013283328,bollywoodmovies
1381556408924073987,SadMovieMV10M
1381556408924073987,bbrightvc
1381556408924073987,ไบร์ทวิน
1381814264013283328,covid_19
1381814264013283328,bollywood
1381814264013283328,bollywoodmovies
1241418658041094144,HongKongPolice
1380307574256455685,jeankirschtein
1380307574256455685,jeankasa
1380307574256455685,AttackOnTitan139
1380307574256455685,SNK139
1381811912204255239,thewatcherstheseries
1381657845301706761,Jan6
1381618307246264320,poets
1381618307246264320,writers
1379674787132272640,ChiyaanVikram
1379674787132272640,Cobra
1379674787132272640,CobraTeaser
1379674787132272640,900KLikesForCobraTeaser
1381648688355831811,VakeelSaab
1381704286619496451,ThunderForce
1381704286619496451,Netflix
1381704286619496451,movie
1381814177354948618,Free
1381814177354948618,Discounted
1381814177354948618,kindle
1381632882058305538,ParthSamthaan
1381632882058305538,MainHeroBollRahaHun
1294635596401582080,CyberSecurity
1294635596401582080,Hacker
1381547649833259008,CIWYWtheseries
1381775478294372353,GodMorningTuesday
1381811912204255239,thewatcherstheseries
1381814095901429761,predict
1381667001400057859,Anjaan
1381667001400057859,Kollywood
1381801136869367810,comic
1381801136869367810,comics
1381801136869367810,marvelcomics
1381801136869367810,dccomics
1381801136869367810,marveluniverse
1381812869252014084,comic
1381812869252014084,comics
1381812869252014084,marvelcomics
1381813931564544000,Free
1380001961836220419,5Stars
1381813884957429761,Sackler
1381272287391834122,No1YaariOnAHA
1381813793211093004,Arclight
1381813760986243077,SnowMan
1381813757735706624,SnowMan
1381813736143523841,missionalliving
1381650189413310466,ZhangZhehan
1381775478294372353,GodMorningTuesday
1379363255156568064,GodMorningTuesday
1381813684058554368,AnimalCrossingNewHorizons
1381781204375011330,GodMorningTuesday
1381774888332001286,bookmarketing
1381774888332001286,indieauthors
1377827382841708544,READ
1377827382841708544,FREE
1377827382841708544,KindleUnlimited
1381813647039684614,HasbroPulseFanFest
1381813647039684614,StarWars
1357783891277348864,essentiallycharli
1381623130179788801,iruthisuttru
1381813525199392768,sff
1381813525199392768,readerMonday
1381813525199392768,bsfs
1381813525199392768,amreading
1381813525199392768,books
985905180779732994,ThoseThatWait
1380913464936341509,TitleVIII
1381813497810550785,NimbleQuotes
1381469431042170880,Covid
1381469431042170880,Punjab
1381469431042170880,ITCard
1381783709200773121,SixTONES
1381813457750650882,GodMorningTuesday
1381813454529421315,zindagiinshort
1381431988960206848,PinayLit
1381813426247319553,PTSD
1381813426247319553,Fibromyalgia
1381649212924780553,VakeelSaab
1381649212924780553,BlockBusterVakeelSaab
1381755810691227648,tuesdaymotivations
1381813404789268482,FastAndFurious
1381813404789268482,Fast
1381813404789268482,And
1381813404789268482,Furious
1381813404789268482,minimalmoviereviews
1381762216806862849,HistoricalFiction
1381762216806862849,Elizabethan
1381813364603682818,Bollywood
1381813345435680770,CyberSec
1381813345435680770,CISSP
1381813345435680770,SecOps
1381813345435680770,DevOps
1381813345435680770,IAM
1381813345435680770,Network
1381813345435680770,Risk
1381813345435680770,Training
1381813345435680770,SDL
1381458610652209154,Dodgers
1380307574256455685,jeankirschtein
1380307574256455685,jeankasa
1380307574256455685,AttackOnTitan139
1380307574256455685,SNK139
1379844757451546635,YuvarathnaaBlockbuster
1381740502895190016,Trending
1381740502895190016,ZhangZhehan
1381650189413310466,ZhangZhehan
1381813227588313088,WritingCommunity
1381813227588313088,IndieApril
1381657845301706761,Jan6
1381812206279401477,scifi
1381657845301706761,Jan6
1381800057486237698,May
1381800057486237698,BookBlitz
1381800057486237698,book
1381648933034676227,VakeelSaab
1381813045157056515,PainSUFFERERS
1381813045157056515,Veterans
1381813045157056515,MDs
1381648688355831811,VakeelSaab
1381800410835529730,Them
1381495436012216323,GodMorningMonday
1381495436012216323,MondayMotivation
1381495436012216323,mondaythoughts
1381420666876952577,GodMorningMonday
1381812939665985537,GodMorningTuesday
1381523521411588098,NivethaThomas
1381790785595604993,interview
1381790785595604993,BenYoung
1381790785595604993,HoundsOfLove
1381812869252014084,comic
1381812869252014084,comics
1381812869252014084,marvelcomics
1381812856576876547,Anjaan
1381812856576876547,Kollywood
1381599652349419522,Kannada
1380786678395142144,ChiyaanVikram
1380786678395142144,Cobra
1381775478294372353,GodMorningTuesday
1381648688355831811,VakeelSaab
1381555254664265732,writers
1381555254664265732,readers
1381555254664265732,MondayVibes
1381555254664265732,writerslift
1381555254664265732,SpreadTheWord
1381555254664265732,sharing
1379812848944091136,SooraraiPottru
1379056229805387779,LOKI
1381811912204255239,thewatcherstheseries
