tweet_id,user_id,retweeted_on
1381296600333565959,1107310280,2021-04-13 03:42:30
1381762216182095875,2654543552,2021-04-13 03:42:27
1381712311329697793,479296517,2021-04-13 03:42:26
1381804352080330753,700544608275566592,2021-04-13 03:42:24
1381787939139690498,43545377,2021-04-13 03:42:24
1381809103392149506,1367547547,2021-04-13 03:42:24
1381811923101048834,855039662,2021-04-13 03:42:24
1381713925100744707,275575298,2021-04-13 03:42:23
1381622293391085569,586685768,2021-04-13 03:42:21
1381622293391085569,735289241513525248,2021-04-13 03:42:21
1381622293391085569,1266458059477585920,2021-04-13 03:42:20
1381648933034676227,837491575211044870,2021-04-13 03:42:20
1381581613859958789,1322136336157962242,2021-04-13 03:42:20
1381764396213534722,1370244703237640195,2021-04-13 03:42:18
1381801812190244865,1097033813815771136,2021-04-13 03:42:18
1381715783479226371,1893573613,2021-04-13 03:42:18
1381644715163017218,304674702,2021-04-13 03:42:15
1381787939139690498,1644167082,2021-04-13 03:42:11
1381445045925068802,1302331302662807552,2021-04-13 03:42:11
1381787939139690498,7704852,2021-04-13 03:42:07
1381814233957040129,803721248,2021-04-13 03:42:06
1381622293391085569,998261331349426177,2021-04-13 03:42:05
1381523651690778624,2590687291,2021-04-13 03:42:05
1374403838032015368,1337430590241562626,2021-04-13 03:42:04
1381562746525806593,15275899,2021-04-13 03:42:03
1381814736199761928,1011319446932160513,2021-04-13 03:42:03
1381496771466076165,1030840119723470848,2021-04-13 03:42:03
1381651062482997248,87534525,2021-04-13 03:42:03
1381623233405841409,1213366341161209857,2021-04-13 03:42:01
1381814631182729220,2566283322,2021-04-13 03:42:01
1381622293391085569,1243190709777301506,2021-04-13 03:42:00
1381622293391085569,891709901159923713,2021-04-13 03:42:00
1381581613859958789,1313393410250739712,2021-04-13 03:42:00
1381729434919649281,1883354443,2021-04-13 03:41:59
1374403838032015368,934888860168925186,2021-04-13 03:41:58
1381787939139690498,2222314358,2021-04-13 03:41:55
1381770107114950658,907738351486341120,2021-04-13 03:41:54
1381814216286343168,896872855509491712,2021-04-13 03:41:54
1381812368028495879,750959971,2021-04-13 03:41:51
1381622293391085569,1240199010675113984,2021-04-13 03:41:49
1381627781176385537,1373611388224999433,2021-04-13 03:41:47
1381622293391085569,1258407240710660096,2021-04-13 03:41:46
1381804352080330753,1270211818133299202,2021-04-13 03:41:46
1381511093697273856,231003072,2021-04-13 03:41:46
1381622293391085569,1246986370242904064,2021-04-13 03:41:44
1349443177896316928,35247174,2021-04-13 03:41:44
1381622293391085569,2570826023,2021-04-13 03:41:43
1381787939139690498,116317313,2021-04-13 03:41:43
1379828937719574528,1070557092086456320,2021-04-13 03:41:43
1381777806267326465,430459707,2021-04-13 03:41:39
1381296600333565959,17449331,2021-04-13 03:41:37
1381634857009287170,1247841857310056448,2021-04-13 03:41:36
1381777806267326465,897952390434873345,2021-04-13 03:41:36
1381331196420964352,35247174,2021-04-13 03:41:35
1356982772414500867,107767604,2021-04-13 03:41:35
1381700657200181253,3271295636,2021-04-13 03:41:35
1381798533129367556,362708080,2021-04-13 03:41:34
1381632227444936705,1373611388224999433,2021-04-13 03:41:33
1381814233957040129,1196943300613287937,2021-04-13 03:41:33
1381813462813249544,1308964087741767680,2021-04-13 03:41:32
1370976247573061633,934888860168925186,2021-04-13 03:41:32
1381799339065016321,1096872709860950016,2021-04-13 03:41:31
1381814233957040129,262407995,2021-04-13 03:41:30
1381804352080330753,1333579575251456000,2021-04-13 03:41:28
1381802657191391240,1272700230,2021-04-13 03:41:27
1375756354024042498,1079955717522640896,2021-04-13 03:41:26
1381622293391085569,1308015835387105286,2021-04-13 03:41:24
1381619232958480389,5286082,2021-04-13 03:41:23
1381623202024058880,1130252756,2021-04-13 03:41:22
1381622293391085569,730978991545290752,2021-04-13 03:41:22
1381623183804010498,1130252756,2021-04-13 03:41:20
1381581613859958789,1138826453196333057,2021-04-13 03:41:19
1380827575925227520,1415721967,2021-04-13 03:41:18
1381814216286343168,1281119563,2021-04-13 03:41:15
1381623202024058880,1126957815795470336,2021-04-13 03:41:15
1381623233405841409,815593771475746816,2021-04-13 03:41:15
1381622293391085569,393597089,2021-04-13 03:41:14
1381486015706193920,35247174,2021-04-13 03:41:14
1381622293391085569,773234909104091137,2021-04-13 03:41:13
1381804352080330753,1331929665951305728,2021-04-13 03:41:11
1381296600333565959,1086863189214560256,2021-04-13 03:41:11
1381623183804010498,815593771475746816,2021-04-13 03:41:11
1381622293391085569,61645872,2021-04-13 03:41:10
1381623183804010498,1126957815795470336,2021-04-13 03:41:10
1381809203992350721,821137984972029959,2021-04-13 03:41:08
1380480918243090433,1222246343953043459,2021-04-13 03:41:08
1381638449417969668,1325707895502036994,2021-04-13 03:41:07
1381616174832746504,571988433,2021-04-13 03:41:07
1381777806267326465,730080191297523716,2021-04-13 03:41:06
1381814040758939648,1278295031766380544,2021-04-13 03:41:05
1381804352080330753,847917772864729090,2021-04-13 03:41:04
1381657845301706761,1351601023907983364,2021-04-13 03:41:04
1381807300927754241,32627436,2021-04-13 03:41:03
1381622293391085569,862442975468683264,2021-04-13 03:41:03
1381777806267326465,797596394802610176,2021-04-13 03:41:01
1381623233405841409,1288103742579937281,2021-04-13 03:41:00
1381775478294372353,128565870,2021-04-13 03:40:58
1381787939139690498,48695977,2021-04-13 03:40:56
1374547287557373958,1371717058736521219,2021-04-13 03:40:55
1381777806267326465,1380695814708862979,2021-04-13 03:40:55
1381810535277199362,2356185354,2021-04-13 03:40:53
1381787939139690498,2666804178,2021-04-13 03:40:52
1381622293391085569,3228927000,2021-04-13 03:40:52
1381542638332051461,904428851740246016,2021-04-13 03:40:51
1381581613859958789,1069179143919562752,2021-04-13 03:40:50
1381622293391085569,846460068186984448,2021-04-13 03:40:50
1381794198299496449,187458098,2021-04-13 03:40:49
1381810438082424833,173946251,2021-04-13 03:40:48
1381622293391085569,181453509,2021-04-13 03:40:47
1381527312051671040,21795371,2021-04-13 03:40:46
1381623218864148486,815593771475746816,2021-04-13 03:40:46
1381622293391085569,2933633405,2021-04-13 03:40:46
1381814410142867456,2955994268,2021-04-13 03:40:45
1381622293391085569,29814162,2021-04-13 03:40:45
1381812637441269760,2900608252,2021-04-13 03:40:44
1381622293391085569,1134208044190109711,2021-04-13 03:40:44
1376371507073404930,1302269057077567488,2021-04-13 03:40:44
1381606716836483080,3959935572,2021-04-13 03:40:42
1381771204390875136,948454686209617920,2021-04-13 03:40:42
1349518731773411330,35247174,2021-04-13 03:40:41
1381690214469431297,1330509183167369219,2021-04-13 03:40:40
1381805879008186369,953474824713760769,2021-04-13 03:40:39
1381623233405841409,1242450471010234368,2021-04-13 03:40:37
1380809527663149057,1077866700970717185,2021-04-13 03:40:36
1381777806267326465,885745152,2021-04-13 03:40:36
1381296600333565959,1164209391547011073,2021-04-13 03:40:34
1381622293391085569,3281102474,2021-04-13 03:40:34
1381678051176628224,115921357,2021-04-13 03:40:34
1378846940671139843,1265321081117839363,2021-04-13 03:40:32
1381804352080330753,1262488348058320897,2021-04-13 03:40:32
1381669042772193283,1090949345891905536,2021-04-13 03:40:32
1381622293391085569,66288565,2021-04-13 03:40:32
1381667001400057859,1231911264961490944,2021-04-13 03:40:30
1381614104599617538,2931312878,2021-04-13 03:40:29
1381814216286343168,1291011533615505410,2021-04-13 03:40:28
1381640882890285059,1236502395795820544,2021-04-13 03:40:25
1249543096305500160,219652260,2021-04-13 03:40:24
1381772314359005187,233808995,2021-04-13 03:40:24
1381755810691227648,1235575283110932480,2021-04-13 03:40:23
1381657845301706761,158999262,2021-04-13 03:40:17
1381787939139690498,230246628,2021-04-13 03:40:16
1381643523276075009,258044739,2021-04-13 03:40:15
1381787939139690498,18238445,2021-04-13 03:40:12
1381622293391085569,4712555718,2021-04-13 03:40:11
1381622293391085569,561504123,2021-04-13 03:40:07
1379495035113107458,211357278,2021-04-13 03:40:04
1381810057457860608,895527719613612032,2021-04-13 03:40:03
1381811912204255239,4228728989,2021-04-13 03:40:03
1381622293391085569,189236889,2021-04-13 03:40:03
1381520533288710146,2241802064,2021-04-13 03:40:03
1381617874842882049,479831489,2021-04-13 03:40:01
1381804352080330753,975770708,2021-04-13 03:40:01
1381719357470957569,3741293727,2021-04-13 03:39:58
1381634857009287170,1380551956108746756,2021-04-13 03:39:57
1321340947888852992,37273420,2021-04-13 03:39:57
1381622293391085569,430178825,2021-04-13 03:39:57
1347971329580957696,1337747304196038656,2021-04-13 03:39:54
1381622293391085569,1364884089765986305,2021-04-13 03:39:51
1381644498917236738,1337408057689726980,2021-04-13 03:39:50
1381622293391085569,2796874409,2021-04-13 03:39:50
1381622293391085569,709257010299047938,2021-04-13 03:39:49
1381622293391085569,2220532146,2021-04-13 03:39:49
1381650189413310466,565942601,2021-04-13 03:39:48
1381813462813249544,716214090,2021-04-13 03:39:46
1381594317337239564,1256255480642498560,2021-04-13 03:39:45
1371904777475477509,2375918058,2021-04-13 03:39:43
1381787939139690498,1188244401929310213,2021-04-13 03:39:43
1381810653065846790,4228728989,2021-04-13 03:39:42
1381622293391085569,1272236454,2021-04-13 03:39:42
1366584190481924099,732696685575430144,2021-04-13 03:39:42
1381623183804010498,1242190274761125888,2021-04-13 03:39:39
1381622293391085569,422045548,2021-04-13 03:39:39
1381622293391085569,4195050674,2021-04-13 03:39:38
1381810653065846790,871673565090910208,2021-04-13 03:39:37
1374783070004523010,167550798,2021-04-13 03:39:35
1381623202024058880,1242190274761125888,2021-04-13 03:39:35
1381622293391085569,1320941594493603841,2021-04-13 03:39:35
1381811045132611585,1262551939935395841,2021-04-13 03:39:34
1381622293391085569,3249467425,2021-04-13 03:39:34
1381787939139690498,57458315,2021-04-13 03:39:33
1381622293391085569,740016038562127873,2021-04-13 03:39:32
1381813417732935680,615783679,2021-04-13 03:39:32
1381814264013283328,770422944183058432,2021-04-13 03:39:31
1381623202024058880,714886525755002881,2021-04-13 03:39:31
1381556408924073987,1259808110316830721,2021-04-13 03:39:30
1381623202024058880,360507058,2021-04-13 03:39:30
1381622293391085569,421550267,2021-04-13 03:39:29
1381622293391085569,931685328372551686,2021-04-13 03:39:29
1381802657044594689,46032601,2021-04-13 03:39:28
1381622293391085569,385166359,2021-04-13 03:39:27
1381787939139690498,1409048978,2021-04-13 03:39:27
1381804352080330753,1305310135049486336,2021-04-13 03:39:26
1241418658041094144,1180006239859687424,2021-04-13 03:39:23
1381622293391085569,1037810433443414018,2021-04-13 03:39:23
1381787939139690498,3008913119,2021-04-13 03:39:23
1381632848160034818,1252719268187144198,2021-04-13 03:39:23
1381623202024058880,1320169526638465024,2021-04-13 03:39:23
1380307574256455685,986748983799435267,2021-04-13 03:39:23
1381810057457860608,1231680322053472257,2021-04-13 03:39:22
1381787939139690498,96258206,2021-04-13 03:39:22
1381811912204255239,590757526,2021-04-13 03:39:20
1381657845301706761,539718064,2021-04-13 03:39:19
1381623202024058880,589146021,2021-04-13 03:39:19
1381810438082424833,2788893692,2021-04-13 03:39:18
1381787939139690498,918942995273142272,2021-04-13 03:39:17
1381787939139690498,1035387535,2021-04-13 03:39:17
1381622293391085569,1131743335742230530,2021-04-13 03:39:17
1381772072213377024,3129609654,2021-04-13 03:39:16
1381813462813249544,1292103156331982848,2021-04-13 03:39:15
1381618307246264320,2207007565,2021-04-13 03:39:14
1381296600333565959,983043975757090816,2021-04-13 03:39:13
1379674787132272640,983929211902504960,2021-04-13 03:39:12
1381648688355831811,1259474980334518275,2021-04-13 03:39:12
1381622293391085569,578687271,2021-04-13 03:39:11
1381811923101048834,1181451907908427776,2021-04-13 03:39:11
1381704286619496451,1381537393816133634,2021-04-13 03:39:11
1380627811233366017,10810102,2021-04-13 03:39:10
1381623183804010498,714886525755002881,2021-04-13 03:39:09
1381615588972240907,1292262246,2021-04-13 03:39:08
1381622293391085569,3818805165,2021-04-13 03:39:08
1381622293391085569,922653572,2021-04-13 03:39:07
1381788721155031042,1209628255394750464,2021-04-13 03:39:07
1381632882058305538,1250077086045188099,2021-04-13 03:39:06
1381777806267326465,2316329948,2021-04-13 03:39:06
1381508936671498244,1345746105946918918,2021-04-13 03:39:05
1381768115906875397,1337657317483921408,2021-04-13 03:39:05
1294635596401582080,1131854274223366144,2021-04-13 03:39:04
1381547649833259008,184748225,2021-04-13 03:39:00
1381622293391085569,599423003,2021-04-13 03:38:59
1381622293391085569,1201359049,2021-04-13 03:38:57
1381622293391085569,22086413,2021-04-13 03:38:53
1381775478294372353,948454686209617920,2021-04-13 03:38:53
1381708440838447104,373659605,2021-04-13 03:38:51
1381813338619867136,1143584351776628736,2021-04-13 03:38:51
1381622293391085569,97412444,2021-04-13 03:38:50
1381622293391085569,850232827,2021-04-13 03:38:50
1381811912204255239,871673565090910208,2021-04-13 03:38:49
1381813863167971330,2308839530,2021-04-13 03:38:49
1381622293391085569,1183128874177253377,2021-04-13 03:38:46
1381667001400057859,1143541226383138816,2021-04-13 03:38:46
1381804352080330753,1328333164503126017,2021-04-13 03:38:43
1381735481935720448,1291761092666916866,2021-04-13 03:38:43
1381814040758939648,1282896272257462272,2021-04-13 03:38:42
1381813647656284162,2958849920,2021-04-13 03:38:42
1381634857009287170,1209396532241297408,2021-04-13 03:38:41
1381705099265908742,2538271566,2021-04-13 03:38:39
1381622293391085569,1224522898909478918,2021-04-13 03:38:39
1381787939139690498,861533611207434242,2021-04-13 03:38:38
1381623202024058880,1368450775693676546,2021-04-13 03:38:34
1381623183804010498,3180334975,2021-04-13 03:38:33
1381622293391085569,2562586560,2021-04-13 03:38:33
1381622293391085569,1695514068,2021-04-13 03:38:32
1381296600333565959,871564507,2021-04-13 03:38:31
1381622293391085569,1367901109,2021-04-13 03:38:28
1381507360959516677,1375100661440843784,2021-04-13 03:38:26
1381622293391085569,1576586714,2021-04-13 03:38:25
1381801136869367810,1206541010408333313,2021-04-13 03:38:24
1381812869252014084,1206541010408333313,2021-04-13 03:38:24
1381711556208173057,1361922486,2021-04-13 03:38:23
1381622293391085569,412023605,2021-04-13 03:38:23
1381622293391085569,845643684691562496,2021-04-13 03:38:23
1381449263863844868,4033527792,2021-04-13 03:38:22
1381622293391085569,396445557,2021-04-13 03:38:22
1381787939139690498,102138038,2021-04-13 03:38:22
1381771897717854215,822563522504785926,2021-04-13 03:38:21
1381787939139690498,1890159996,2021-04-13 03:38:20
1381623183804010498,1368450775693676546,2021-04-13 03:38:18
1378473111520043014,1381766670771884033,2021-04-13 03:38:17
1381804352080330753,1183569211957760000,2021-04-13 03:38:17
1381813104116391936,1201001712523390977,2021-04-13 03:38:15
1247896330724204552,715864706376814592,2021-04-13 03:38:14
1381777806267326465,15886477,2021-04-13 03:38:13
1381622293391085569,419196451,2021-04-13 03:38:11
1381813338619867136,2388444205,2021-04-13 03:38:09
1381296600333565959,714129189994110977,2021-04-13 03:38:05
1381622293391085569,715360140128608256,2021-04-13 03:38:01
1380001961836220419,414132529,2021-04-13 03:38:00
1381801577619484672,2564771428,2021-04-13 03:37:57
1306613654968700929,936254142820913153,2021-04-13 03:37:54
1381812319131295747,884288015178153984,2021-04-13 03:37:53
1381272287391834122,3227730442,2021-04-13 03:37:53
1381622293391085569,235303870,2021-04-13 03:37:51
1381804352080330753,1347726285112545280,2021-04-13 03:37:51
1381296600333565959,4183971489,2021-04-13 03:37:50
1381751651304890368,1371686378380029952,2021-04-13 03:37:48
1381644099627970565,1498601696,2021-04-13 03:37:47
1381622293391085569,1148326741301178369,2021-04-13 03:37:45
1381622293391085569,304674529,2021-04-13 03:37:45
1381798533129367556,300033596,2021-04-13 03:37:43
1381211857113948161,804624608666079232,2021-04-13 03:37:43
1381622293391085569,1248208632203735042,2021-04-13 03:37:42
1381804352080330753,1185438287399288833,2021-04-13 03:37:41
1381623183804010498,1080220976821010435,2021-04-13 03:37:41
1381745925052227586,1381045104920694786,2021-04-13 03:37:40
1381804352080330753,3074547830,2021-04-13 03:37:40
1381742821195980800,1175978965653217282,2021-04-13 03:37:39
1381752845049847808,1212409129811079168,2021-04-13 03:37:38
1381496247681359875,1080459639139909632,2021-04-13 03:37:37
1381622293391085569,60022528,2021-04-13 03:37:36
1381787939139690498,4060702276,2021-04-13 03:37:31
1381777806267326465,881197625348825088,2021-04-13 03:37:28
1381622293391085569,2741461451,2021-04-13 03:37:28
1381813462813249544,1213038965420216320,2021-04-13 03:37:27
1380054375045816324,976734595,2021-04-13 03:37:27
1381752845049847808,217355610,2021-04-13 03:37:26
1381682563350138882,43295161,2021-04-13 03:37:24
1381623218864148486,458109045,2021-04-13 03:37:22
1381650189413310466,2975584896,2021-04-13 03:37:21
1381787939139690498,370312100,2021-04-13 03:37:21
1381622293391085569,1141010724,2021-04-13 03:37:20
1381775478294372353,2868970532,2021-04-13 03:37:18
1381804352080330753,1280916257261281280,2021-04-13 03:37:17
1379363255156568064,1210915315388780544,2021-04-13 03:37:17
1381622293391085569,1073311182260486149,2021-04-13 03:37:17
1381801812190244865,1351220470130106377,2021-04-13 03:37:14
1381798041280073728,419170701,2021-04-13 03:37:13
1381296600333565959,16262924,2021-04-13 03:37:13
1381211857113948161,2303327186,2021-04-13 03:37:12
1381622293391085569,2422690986,2021-04-13 03:37:12
1380958905090588673,385648380,2021-04-13 03:37:08
1381811348418359297,1281119563,2021-04-13 03:37:08
1381626811671527428,1049449813480235009,2021-04-13 03:37:06
1381811491226066946,2500224663,2021-04-13 03:37:05
1381804352080330753,1262335158130061313,2021-04-13 03:37:04
1381781204375011330,1210915315388780544,2021-04-13 03:37:04
1381774888332001286,2342898960,2021-04-13 03:37:03
1381805539747749890,1171053765438259200,2021-04-13 03:37:03
1377827382841708544,414132529,2021-04-13 03:37:01
1381623202024058880,1129737679397015552,2021-04-13 03:37:00
1357783891277348864,1292263734598078471,2021-04-13 03:36:58
1381527312051671040,14669823,2021-04-13 03:36:55
1381101170626678787,1363372811239129089,2021-04-13 03:36:53
1381813297637257217,788936431813087232,2021-04-13 03:36:53
1381804352080330753,1002618213841231873,2021-04-13 03:36:52
1381622293391085569,2761531899,2021-04-13 03:36:52
1381702325719326721,828344751535509504,2021-04-13 03:36:52
1381622293391085569,3262846537,2021-04-13 03:36:51
1381780850090463235,23522932,2021-04-13 03:36:51
1381622293391085569,252755362,2021-04-13 03:36:51
1296693660784848898,1364635331597754369,2021-04-13 03:36:51
1381799803730980864,1114315975657021440,2021-04-13 03:36:50
1381623202024058880,920494048598687744,2021-04-13 03:36:50
1381622293391085569,1220318381443887104,2021-04-13 03:36:50
1381787939139690498,82267412,2021-04-13 03:36:50
1381623202024058880,1368898978566172675,2021-04-13 03:36:48
1381622293391085569,1240664358369124352,2021-04-13 03:36:47
1381622293391085569,1127063364193202176,2021-04-13 03:36:47
1381623183804010498,920494048598687744,2021-04-13 03:36:47
1381622293391085569,1376722035800428545,2021-04-13 03:36:46
1381622293391085569,1030847299,2021-04-13 03:36:44
1381622293391085569,775467093818941441,2021-04-13 03:36:43
1381623183804010498,1368898978566172675,2021-04-13 03:36:41
1381746437340291076,596078480,2021-04-13 03:36:40
1381755303264411648,14616816,2021-04-13 03:36:39
1381623130179788801,2795392087,2021-04-13 03:36:38
1381105137272250369,1363372811239129089,2021-04-13 03:36:37
1381813085028106242,1280047226115383297,2021-04-13 03:36:34
1381804352080330753,3797779703,2021-04-13 03:36:33
1381780850090463235,17077389,2021-04-13 03:36:33
1381704646100586498,557483178,2021-04-13 03:36:33
1381622293391085569,1178285528246099969,2021-04-13 03:36:30
1381623183804010498,1129737679397015552,2021-04-13 03:36:30
1381780850090463235,14149937,2021-04-13 03:36:29
985905180779732994,2613139478,2021-04-13 03:36:26
1381682563350138882,706880029112700928,2021-04-13 03:36:25
1381622293391085569,1950104310,2021-04-13 03:36:25
1381622293391085569,3078851945,2021-04-13 03:36:25
1380913464936341509,1351816988209917952,2021-04-13 03:36:25
1381622293391085569,1176764923059195904,2021-04-13 03:36:24
1381787939139690498,922353127,2021-04-13 03:36:24
1378384766630780929,1337740036788215808,2021-04-13 03:36:23
1381592265886433289,1297071040686772225,2021-04-13 03:36:22
1381469431042170880,1329622301344624640,2021-04-13 03:36:21
1381592265886433289,1167646091036319745,2021-04-13 03:36:20
1381246893318111236,1478902082,2021-04-13 03:36:19
1381630938367467526,1252719268187144198,2021-04-13 03:36:18
1381787939139690498,1854842652,2021-04-13 03:36:17
1381783709200773121,1369928407945867266,2021-04-13 03:36:15
1380551641871626245,1008811759,2021-04-13 03:36:14
1381787939139690498,52740041,2021-04-13 03:36:12
1381431988960206848,329425279,2021-04-13 03:36:11
1381777806267326465,325856719,2021-04-13 03:36:11
1381230847894900737,134943107,2021-04-13 03:36:10
1381787939139690498,20988187,2021-04-13 03:36:10
1379806388587618309,1029957869494358016,2021-04-13 03:36:09
1381696212781371395,99408825,2021-04-13 03:36:08
1381649212924780553,1234505972762046464,2021-04-13 03:36:07
1381788309714784256,15713663,2021-04-13 03:36:06
1349443177896316928,37273420,2021-04-13 03:36:05
1381787939139690498,2821674237,2021-04-13 03:36:05
1381622293391085569,559464112,2021-04-13 03:36:04
1381755810691227648,948454686209617920,2021-04-13 03:36:03
1381762216806862849,1008831630021218304,2021-04-13 03:36:02
1381657867611217921,99408825,2021-04-13 03:36:02
1378346426783137795,1337740036788215808,2021-04-13 03:36:01
1381634857009287170,1295625257940930562,2021-04-13 03:36:01
1381623202024058880,1260532374753824770,2021-04-13 03:36:01
1381622293391085569,2266074686,2021-04-13 03:36:00
1381622293391085569,1407738523,2021-04-13 03:36:00
1381623183804010498,1260532374753824770,2021-04-13 03:35:58
1381804352080330753,612872903,2021-04-13 03:35:57
1381787939139690498,1566785113,2021-04-13 03:35:57
1381445090162380801,7089482,2021-04-13 03:35:57
1381622293391085569,1086883704314556416,2021-04-13 03:35:56
1381622293391085569,4180669066,2021-04-13 03:35:56
1381204707386003461,1008831630021218304,2021-04-13 03:35:54
1381622293391085569,3259133694,2021-04-13 03:35:51
1381622293391085569,710646479048691712,2021-04-13 03:35:51
1381765465777840128,838232057348247552,2021-04-13 03:35:51
1381787939139690498,2559356240,2021-04-13 03:35:50
1381483152212811776,2297287718,2021-04-13 03:35:49
1381682563350138882,366279425,2021-04-13 03:35:48
1381622293391085569,185788113,2021-04-13 03:35:46
1381670478545358849,1364372147477614594,2021-04-13 03:35:46
1381682563350138882,1341497347935776769,2021-04-13 03:35:46
1381787939139690498,14086813,2021-04-13 03:35:44
1381657859390373894,99408825,2021-04-13 03:35:44
1381458610652209154,34417665,2021-04-13 03:35:43
1381678051176628224,3033160570,2021-04-13 03:35:43
1381774734753464325,1294145916274966528,2021-04-13 03:35:43
1381622293391085569,857421111960653824,2021-04-13 03:35:42
1381527312051671040,590799861,2021-04-13 03:35:39
1351259402268012551,1381424545517670401,2021-04-13 03:35:39
1381808468206620673,1338500146007425026,2021-04-13 03:35:38
1380307574256455685,1347664209266565134,2021-04-13 03:35:38
1381211857113948161,1301713007068639234,2021-04-13 03:35:36
1381787939139690498,948043612515962880,2021-04-13 03:35:34
1381622293391085569,382615204,2021-04-13 03:35:33
1381622293391085569,1196427959311175681,2021-04-13 03:35:32
1379844757451546635,1260128604320444417,2021-04-13 03:35:31
1381777806267326465,2267938020,2021-04-13 03:35:31
1381623183804010498,360507058,2021-04-13 03:35:31
1381740502895190016,38613136,2021-04-13 03:35:31
1381778833234333700,1142418468458942464,2021-04-13 03:35:29
1381804352080330753,1271748384299180032,2021-04-13 03:35:28
1381793872838189060,981349030658789376,2021-04-13 03:35:27
1381622293391085569,2151810631,2021-04-13 03:35:27
1381413621876486144,332202244,2021-04-13 03:35:24
1381622293391085569,3007171164,2021-04-13 03:35:24
1381787939139690498,62199328,2021-04-13 03:35:24
1381650189413310466,976189372834889728,2021-04-13 03:35:21
1381811045132611585,1152209472166621185,2021-04-13 03:35:19
1381622293391085569,1262279232664764416,2021-04-13 03:35:18
1381622293391085569,2517870214,2021-04-13 03:35:18
1381622293391085569,29101263,2021-04-13 03:35:17
1381657845301706761,99408825,2021-04-13 03:35:17
1381622293391085569,1141113538813014016,2021-04-13 03:35:14
1381622293391085569,724789739732242432,2021-04-13 03:35:13
1381787939139690498,1978165356,2021-04-13 03:35:12
1381622293391085569,774261541604589568,2021-04-13 03:35:10
1381813149536563200,3532655353,2021-04-13 03:35:08
1381640882890285059,1372575721151893505,2021-04-13 03:35:07
1381787939139690498,929591504397635584,2021-04-13 03:35:07
1381638356031864834,1365333741892116483,2021-04-13 03:35:07
1381812206279401477,1188848553810186242,2021-04-13 03:35:05
1381657845301706761,87983041,2021-04-13 03:35:04
1381752845049847808,1107924952513236992,2021-04-13 03:35:03
1381622293391085569,807879408,2021-04-13 03:35:03
1381622293391085569,4831944184,2021-04-13 03:35:02
1381804352080330753,1147323395014647809,2021-04-13 03:35:02
1381787939139690498,25019964,2021-04-13 03:35:02
1381737747405103106,1133688305239744514,2021-04-13 03:35:01
1381811348418359297,2293602630,2021-04-13 03:35:01
1381752675423895553,3532655353,2021-04-13 03:34:59
1381242945546903559,821048359725187073,2021-04-13 03:34:59
1381800057486237698,3552942073,2021-04-13 03:34:59
1381747464097701891,1361035868731961345,2021-04-13 03:34:57
1381622293391085569,226291794,2021-04-13 03:34:56
1381752675423895553,904711298188967938,2021-04-13 03:34:54
1381813080619773952,2916627870,2021-04-13 03:34:52
1381764396213534722,545428357,2021-04-13 03:34:52
1381622293391085569,1237639330681716741,2021-04-13 03:34:50
1381623202024058880,1185999864422793216,2021-04-13 03:34:49
1381622293391085569,53243333,2021-04-13 03:34:49
1381812396424114179,1371926113052672000,2021-04-13 03:34:49
1381622293391085569,984929252125659136,2021-04-13 03:34:48
1381622293391085569,864347913090093058,2021-04-13 03:34:47
1381623233405841409,458109045,2021-04-13 03:34:47
1381701365802524672,2837228540,2021-04-13 03:34:46
1381623183804010498,1185999864422793216,2021-04-13 03:34:46
1381648933034676227,1126442569653637120,2021-04-13 03:34:46
1381810653065846790,3319921950,2021-04-13 03:34:44
1381810535277199362,2975510359,2021-04-13 03:34:43
1196868008792084480,33033227,2021-04-13 03:34:42
1381776666154926082,1056694714244759552,2021-04-13 03:34:41
1381496247681359875,1334323490636218368,2021-04-13 03:34:41
1381622293391085569,268156245,2021-04-13 03:34:40
1381544584258420738,2951783176,2021-04-13 03:34:38
1381735481935720448,1245762037726072833,2021-04-13 03:34:38
1381496247681359875,1007567512387481601,2021-04-13 03:34:37
1381622293391085569,1344986425,2021-04-13 03:34:35
1381496771466076165,1402834224,2021-04-13 03:34:35
1381709076460101636,99229078,2021-04-13 03:34:34
1381812441579802626,788090947259158528,2021-04-13 03:34:34
1381647394497036293,1628932063,2021-04-13 03:34:31
1381648688355831811,1012844752553689088,2021-04-13 03:34:31
1381800410835529730,1116056513154621440,2021-04-13 03:34:30
1381789704484364292,1370802327528075265,2021-04-13 03:34:30
1381742625645019136,893155146275971072,2021-04-13 03:34:29
1381795190189477890,1379414750614843392,2021-04-13 03:34:27
1381622293391085569,2367873478,2021-04-13 03:34:26
1381527312051671040,865928977000431619,2021-04-13 03:34:25
1381622293391085569,2349429498,2021-04-13 03:34:24
1381810535277199362,2958832497,2021-04-13 03:34:24
1381805879008186369,2195389526,2021-04-13 03:34:21
1381666240993746946,75634309,2021-04-13 03:34:21
1381495436012216323,1180138627612827648,2021-04-13 03:34:20
1381420666876952577,1224311467857432576,2021-04-13 03:34:19
1381622293391085569,1090058579854319617,2021-04-13 03:34:18
1381622293391085569,129313504,2021-04-13 03:34:17
1381622293391085569,842237304160833536,2021-04-13 03:34:12
1381791165968572419,1287582936909324293,2021-04-13 03:34:12
1381804352080330753,958377556205539329,2021-04-13 03:34:10
1381799600588210177,1110370735027961856,2021-04-13 03:34:10
1381523521411588098,1305904543536824322,2021-04-13 03:34:10
1381671743950106625,113366373,2021-04-13 03:34:07
1381379830407688199,1050150279365021696,2021-04-13 03:34:06
1381407540076929024,1287582936909324293,2021-04-13 03:34:04
1381622293391085569,805502694739898369,2021-04-13 03:34:04
1381804352080330753,1041423973970522113,2021-04-13 03:34:03
1375060150457892875,414132529,2021-04-13 03:34:01
1381622293391085569,2908559107,2021-04-13 03:33:59
1381790785595604993,1362313421815902208,2021-04-13 03:33:59
1381759225240543232,1037352367367352320,2021-04-13 03:33:59
1381622293391085569,965445474902781952,2021-04-13 03:33:56
1381750642381758469,1330472748,2021-04-13 03:33:56
1381623218864148486,1288103742579937281,2021-04-13 03:33:56
1381787939139690498,25517715,2021-04-13 03:33:56
1381622293391085569,948722113203945472,2021-04-13 03:33:55
1381683509815881730,1312962824944209920,2021-04-13 03:33:53
1381526901383168001,1179637174532218880,2021-04-13 03:33:52
1381622293391085569,1866749300,2021-04-13 03:33:51
1381592265886433289,930211808715165698,2021-04-13 03:33:50
1381708440838447104,962192467113140224,2021-04-13 03:33:50
1381787939139690498,891410661074280448,2021-04-13 03:33:49
1381599652349419522,1013256315731312642,2021-04-13 03:33:48
1381622293391085569,3301557420,2021-04-13 03:33:48
1381622293391085569,40416165,2021-04-13 03:33:47
1381794198299496449,341568655,2021-04-13 03:33:47
1381622293391085569,271535939,2021-04-13 03:33:44
1381803468227178497,1526930006,2021-04-13 03:33:43
1381622293391085569,869899403343130624,2021-04-13 03:33:42
1380786678395142144,924595494004887552,2021-04-13 03:33:42
1381296600333565959,2583948101,2021-04-13 03:33:42
1381622293391085569,826159935570460673,2021-04-13 03:33:41
1381775478294372353,1181574633583235075,2021-04-13 03:33:41
1196868008792084480,1272951540341370882,2021-04-13 03:33:41
1381810353311375369,1660701306,2021-04-13 03:33:40
1381622293391085569,1210636796977016833,2021-04-13 03:33:40
1381623183804010498,903582960,2021-04-13 03:33:36
1381517449506525192,480513238,2021-04-13 03:33:36
1381787939139690498,44886020,2021-04-13 03:33:35
1381648688355831811,1292681922087276544,2021-04-13 03:33:34
1380773082504130563,902577058647130112,2021-04-13 03:33:34
1381798533129367556,31058887,2021-04-13 03:33:30
1381622293391085569,298821703,2021-04-13 03:33:30
1381622293391085569,1330189082,2021-04-13 03:33:28
1381622293391085569,1258480397094092803,2021-04-13 03:33:28
1381496247681359875,1325995321906798593,2021-04-13 03:33:27
1381555254664265732,1232329389205065728,2021-04-13 03:33:27
1379812848944091136,4882847718,2021-04-13 03:33:26
1249543096305500160,1160462668387323906,2021-04-13 03:33:26
1381682777519575043,994487038517837824,2021-04-13 03:33:25
1381622293391085569,531406965,2021-04-13 03:33:23
1379056229805387779,2933554495,2021-04-13 03:33:22
1381622293391085569,828033665330470912,2021-04-13 03:33:21
1381622293391085569,723585754644000768,2021-04-13 03:33:21
1381764396213534722,248409248,2021-04-13 03:33:19
1381772072213377024,37273420,2021-04-13 03:33:19
1381622293391085569,195305437,2021-04-13 03:33:18
1381645276054700035,1376551624760422408,2021-04-13 03:33:14
1381811912204255239,877435095157690368,2021-04-13 03:33:13
1381622293391085569,3135791160,2021-04-13 03:33:12
1381631432930557953,21693811,2021-04-13 03:33:12
1381622293391085569,2721318401,2021-04-13 03:33:12
1381622293391085569,1439599237,2021-04-13 03:33:08
1381810653065846790,877435095157690368,2021-04-13 03:33:08
1381622293391085569,795081935475249152,2021-04-13 03:33:08
1381762216182095875,19397687,2021-04-13 03:33:07
1381812211212038146,954416862569385985,2021-04-13 03:33:07
1381812319131295747,59034148,2021-04-13 03:33:07
1381527312051671040,1086167912283627520,2021-04-13 03:33:06
